method,sample,t,x,y,z
MINCO,0,0,0,0,0.69999999999999996
MINCO,1,0.017485501358611037,2.2205973886866729e-06,3.8025165780626629e-06,0.6999999927820878
MINCO,2,0.034971002717222074,1.768211613374564e-05,3.0048342438038132e-05,0.69999994337710225
MINCO,3,0.052456504075833112,5.939889723202843e-05,0.00010016612532485872,0.69999981264242017
MINCO,4,0.069942005434444149,0.00014013960376047619,0.00023449328923764613,0.69999956468260116
MINCO,5,0.087427506793055179,0.000272428871595643,0.00045229328215369623,0.69999916676794616
MINCO,6,0.10491300815166622,0.00046854896013321957,0.00077177282375246478,0.69999858925305813
MINCO,7,0.12239850951027724,0.00074054140300755598,0.0012100991531395502,0.69999780549540191
MINCO,8,0.1398840108688883,0.0011002086588111869,0.0017834172765706826,0.69999679177386342
MINCO,9,0.15736951222749934,0.0015591157618143527,0.0025068672151757039,0.69999552720730995
MINCO,10,0.17485501358611036,0.0021285919726845228,0.0033946012526825538,0.69999399367314985
MINCO,11,0.1923405149447214,0.0028197324292059235,0.0044598011831412602,0.69999217572589267
MINCO,12,0.20982601630333245,0.0036433997969990565,0.0057146955586479184,0.69999006051570789
MINCO,13,0.22731151766194349,0.0046102259202402233,0.0071705769370686732,0.69998763770698658
MINCO,14,0.24479701902055448,0.0057306134723810456,0.0088378191297637104,0.69998489939689912
MINCO,15,0.26228252037916555,0.0070147376068680073,0.010725894449311248,0.69998184003395669
MINCO,16,0.2797680217377766,0.0084725476078619452,0.012843390957231497,0.69997845633657008
MINCO,17,0.29725352309638764,0.0101137685409576,0.015198029711710671,0.69997474721161024
MINCO,18,0.31473902445499868,0.011947902903903124,0.017796682015324965,0.69997071367296737
MINCO,19,0.33222452581360967,0.013984232277319616,0.020645386662764519,0.69996635876011115
MINCO,20,0.34971002717222072,0.016231818975420646,0.023749367188557462,0.69996168745665055
MINCO,21,0.36719552853083176,0.018699507696731756,0.02711304911479381,0.69995670660889364
MINCO,22,0.3846810298894428,0.021395927174810016,0.030740077198849514,0.69995142484440742
MINCO,23,0.40216653124805379,0.0243294918289635,0.034633332681110428,0.69994585249057739
MINCO,24,0.41965203260666489,0.027508403414970909,0.03879495053269634,0.69994000149316749
MINCO,25,0.43713753396527588,0.030940652675800932,0.043226336703184806,0.69993388533488021
MINCO,26,0.45462303532388698,0.034634020992331947,0.047928185368335353,0.69992751895391614
MINCO,27,0.47210853668249797,0.038596082034071381,0.052900496177813242,0.69992091866253381
MINCO,28,0.48959403804110896,0.042834203409875392,0.058142591502913663,0.69991410206560922
MINCO,29,0.50707953939972006,0.047355548318668297,0.063653133684285587,0.69990708797919643
MINCO,30,0.5245650407583311,0.052167077200162053,0.069430142279655729,0.69989989634908645
MINCO,31,0.54205054211694215,0.057275549385575886,0.075471011311552677,0.69989254816936797
MINCO,32,0.55953604347555319,0.062687524748355788,0.081772526515030655,0.69988506540098616
MINCO,33,0.57702154483416412,0.06840936535489392,0.088330882585393761,0.6998774708903035
MINCO,34,0.59450704619277528,0.074447237115248449,0.095141700425919878,0.69986978828765889
MINCO,35,0.61199254755138621,0.080807111433862572,0.10220004439558436,0.69986204196592794
MINCO,36,0.62947804890999737,0.087494766860284595,0.10950043955678462,0.69985425693908221
MINCO,37,0.6469635502686083,0.094515790739886946,0.11703688892306338,0.6998464587807498
MINCO,38,0.66444905162721934,0.10187558086458613,0.12480289070683334,0.69983867354277429
MINCO,39,0.68193455298583039,0.10957934712356204,0.13279145556710081,0.6998309276737753
MINCO,40,0.69942005434444143,0.11763211315397736,0.14099512385718957,0.69982324793770811
MINCO,41,0.71690555570305248,0.12603871799169733,0.1494059828724652,0.69981566133242301
MINCO,42,0.73439105706166352,0.13480381772200925,0.15801568409805894,0.69980819500822578
MINCO,43,0.75187655842027445,0.14393188713034169,0.16681546045659135,0.69980087618643705
MINCO,44,0.76936205977888561,0.15342722135298456,0.17579614355589696,0.69979373207795248
MINCO,45,0.78684756113749654,0.16329393752780805,0.18494818093674761,0.6997867898018022
MINCO,46,0.80433306249610759,0.1735359764449825,0.19426165332057668,0.69978007630371075
MINCO,47,0.82181856385471863,0.18415710419769807,0.20372629185720342,0.69977361827465712
MINCO,48,0.83930406521332979,0.19516091383288373,0.21333149537255613,0.69976744206943442
MINCO,49,0.85678956657194072,0.20655082700192703,0.2230663476163969,0.69976157362520963
MINCO,50,0.87427506793055176,0.21833009561139416,0.23291963451004533,0.69975603838008305
MINCO,51,0.89176056928916281,0.23050180347374857,0.24287986139410239,0.69975086119164931
MINCO,52,0.90924607064777396,0.24306886795807117,0.25293527027617468,0.6997460662555558
MINCO,53,0.9267315720063849,0.2560340416407792,0.26307385707859793,0.69974167702406309
MINCO,54,0.94421707336499594,0.26939991395634683,0.27328338888616166,0.69973771612460511
MINCO,55,0.96170257472360698,0.28316891284802348,0.28355142119383281,0.69973420527834862
MINCO,56,0.97918807608221792,0.29734330641855405,0.29386531515447928,0.69973116521875256
MINCO,57,0.99667357744082907,0.3119252045808984,0.30421225482659481,0.69972861561012856
MINCO,58,1.0141590787994401,0.32691656070895048,0.31457926442202244,0.69972657496620039
MINCO,59,1.0316445801580509,0.34231917328825812,0.32495322555367845,0.69972506056866424
MINCO,60,1.0491300815166622,0.3581346875667431,0.33532089448327651,0.69972408838574773
MINCO,61,1.0666155828752732,0.37436459720541937,0.34566891936905142,0.69972367299077087
MINCO,62,1.0841010842338843,0.39101024592897404,0.35598385751419714,0.69972382748105832
MINCO,63,1.1015865855924951,0.40807282916852405,0.36625219265529924,0.6997245634166851
MINCO,64,1.1190720869511064,0.42555339567371503,0.37646035240750453,0.69972589083694048
MINCO,65,1.1365575883097174,0.44345284910649013,0.38659472580339199,0.69972781832325115
MINCO,66,1.1540430896683282,0.46177194963354834,0.39664168083856038,0.69973035306543607
MINCO,67,1.1715285910269393,0.48051131551880077,0.40658758201721806,0.69973350092796371
MINCO,68,1.1890140923855506,0.49967142471582593,0.41641880789777147,0.69973726651620594
MINCO,69,1.2064995937441616,0.51925261646032606,0.42612176863841411,0.69974165324269422
MINCO,70,1.2239850951027724,0.53925509286258455,0.43568292354271659,0.69974666339337643
MINCO,71,1.2414705964613835,0.55967892049992152,0.44508879860521539,0.69975229819387086
MINCO,72,1.2589560978199947,0.58052403200915037,0.45432600405700202,0.69975855787572272
MINCO,73,1.2764415991786056,0.60179022767903234,0.46338125191131191,0.69976544174266031
MINCO,74,1.2939271005372166,0.62347717704273653,0.4722413735091146,0.69977294823684966
MINCO,75,1.3114126018958276,0.64558442047029252,0.48089333706470155,0.69978107500515119
MINCO,76,1.3288981032544387,0.66811137076104898,0.48932426521127681,0.69978981896537418
MINCO,77,1.3463836046130497,0.69105731473612841,0.49752145254654467,0.69979917637253397
MINCO,78,1.3638691059716608,0.71442141483088484,0.50547238317830046,0.69980914288510687
MINCO,79,1.3813546073302718,0.73820271068735877,0.51316474827001846,0.69981971363128515
MINCO,80,1.3988401086888829,0.76240012074673469,0.52058646358644167,0.69983088327523424
MINCO,81,1.4163256100474939,0.78701244384179714,0.527725687039171,0.69984264608334723
MINCO,82,1.433811111406105,0.81203836078938552,0.53457083623225443,0.69985499599050083
MINCO,83,1.451296612764716,0.83747643598285293,0.54111060600777594,0.69986792666631126
MINCO,84,1.468782114123327,0.86332511898452013,0.547333985991445,0.69988143158139038
MINCO,85,1.4862676154819381,0.88958274611813359,0.55323027813818582,0.69989550407360013
MINCO,86,1.5037531168405489,0.91624754206131998,0.55878911427772637,0.69991013741430896
MINCO,87,1.5212386181991602,0.94331762143804532,0.56400047366018757,0.69992532487464798
MINCO,88,1.5387241195577712,0.97079099041106742,0.56885470050167286,0.69994105979176602
MINCO,89,1.5562096209163823,0.99866554827439524,0.57334252152985643,0.69995733563508467
MINCO,90,1.5736951222749931,1.0269390890457444,0.57745506352957343,0.6999741460725557
MINCO,91,1.5911806236336044,1.0556093030589928,0.58118387088840906,0.69999148503691577
MINCO,92,1.6086661249922152,1.0846737785566372,0.58452092314228687,0.70000934679194127
MINCO,93,1.6261516263508262,1.1141300032822503,0.58745865252105922,0.70002772599870555
MINCO,94,1.6436371277094373,1.1439753660729362,0.58998996149409555,0.70004661778183408
MINCO,95,1.6611226290680485,1.174207158451787,0.59210824031587173,0.70006601779575917
MINCO,96,1.6786081304266596,1.2048225762203384,0.5938073845715599,0.70008592229097744
MINCO,97,1.6960936317852706,1.2358187210510276,0.5950818127226164,0.70010632818030372
MINCO,98,1.7135791331438814,1.2671926020796471,0.59592648365237266,0.70012723310512803
MINCO,99,1.7310646345024925,1.2989411374978048,0.59633691421162227,0.70014863550167039
MINCO,100,1.7485501358611035,1.331061156145376,0.59630919676421257,0.70017053466723733
MINCO,101,1.7660356372197146,1.363549399102939,0.59584001673149511,0.7001929308264716
MINCO,102,1.7835211385783256,1.3964025212618325,0.5949266690816164,0.70021582519256664
MINCO,103,1.8010066399369369,1.4296170926642484,0.59356706397242653,0.70023921997671679
MINCO,104,1.8184921412955479,1.4631895995358011,0.59175971789056558,0.70026311832834975
MINCO,105,1.8359776426541585,1.4971164452569627,0.58950374190697996,0.70028752426159357
MINCO,106,1.8534631440127698,1.5313939513338599,0.58679882990221022,0.70031244258160397
MINCO,107,1.8709486453713808,1.5660183583690597,0.58364524679168206,0.70033787881088772
MINCO,108,1.8884341467299919,1.600985827032366,0.58004381675099426,0.70036383911562861
MINCO,109,1.9059196480886029,1.6362924390316143,0.57599591144120699,0.70039033023201247
MINCO,110,1.923405149447214,1.6719341980834614,0.5715034382341323,0.70041735939255179
MINCO,111,1.9408906508058252,1.7079070308841795,0.56656882843762157,0.70044493425241117
MINCO,112,1.9583761521644358,1.744206788080449,0.56119502552085609,0.70047306281573174
MINCO,113,1.9758616535230469,1.780829245240154,0.55538547333963451,0.70050175336195741
MINCO,114,1.9933471548816581,1.8177701038231699,0.54914410436166283,0.7005310143721587
MINCO,115,2.010832656240269,1.8550249921521595,0.54247532789184283,0.70056085445535843
MINCO,116,2.0283181575988802,1.8925894663833682,0.53538401829756166,0.70059128227485679
MINCO,117,2.0458036589574915,1.9304590114774116,0.52787550323398014,0.70062230647455603
MINCO,118,2.0632891603161019,1.9686290421700705,0.51995555186932285,0.70065393560528588
MINCO,119,2.0807746616747131,2.0070949039430892,0.51163036311016441,0.70068617805112832
MINCO,120,2.0982601630333244,2.0458518739949598,0.50290655382672245,0.7007190419557433
MINCO,121,2.1157456643919352,2.0848951622117182,0.49379114707814403,0.70075253514869196
MINCO,122,2.1332311657505465,2.1242199121377405,0.48429156033779408,0.70078666507176468
MINCO,123,2.1507166671091573,2.1638212019465324,0.47441559371854697,0.70082143870530322
MINCO,124,2.1682021684677686,2.2036940454115221,0.46417141819807234,0.7008568624945275
MINCO,125,2.1856876698263794,2.2438333928768541,0.45356756384412728,0.70089294227586019
MINCO,126,2.2031731711849902,2.2842341322281836,0.44261290803984271,0.70092968320325166
MINCO,127,2.2206586725436015,2.324891089863466,0.43131666370901339,0.70096708967450483
MINCO,128,2.2381441739022128,2.3657990316637543,0.4196883675413875,0.70100516525760115
MINCO,129,2.2556296752608236,2.4069526639639833,0.40773786821795505,0.70104391261702448
MINCO,130,2.2731151766194349,2.4483466345237765,0.39547531463623581,0.70108333344008655
MINCO,131,2.2906006779780457,2.4899755334982241,0.38291114413557104,0.70112342836325303
MINCO,132,2.3080861793366565,2.5318338944086882,0.37005607072240904,0.70116419689846665
MINCO,133,2.3255716806952678,2.5739161951135894,0.35692107329559652,0.70120563735947372
MINCO,134,2.3430571820538786,2.6162168587791972,0.3435173838716678,0.70124774678814905
MINCO,135,2.3605426834124899,2.6587302548504312,0.32985647581013139,0.70129052088082011
MINCO,136,2.3780281847711011,2.701450700021645,0.31595005203876164,0.70133395391459352
MINCO,137,2.3955136861297119,2.7443724592074257,0.30181003327888639,0.70137803867367876
MINCO,138,2.4129991874883232,2.7874897465143871,0.28744854627076738,0.70142276637598766
MINCO,139,2.430484688846934,2.8307967262627609,0.27287791200353739,0.70146812661335434
MINCO,140,2.4479701902055448,2.8742875141913737,0.25811063396190881,0.70151410734190356
MINCO,141,2.4654556915641561,2.9179561787660813,0.24315938638234849,0.70156069490072337
MINCO,142,2.4829411929227669,2.9617967424950593,0.22803700250988007,0.70160787403240399
MINCO,143,2.5004266942813782,3.0058031832440864,0.21275646285488162,0.70165562790357972
MINCO,144,2.5179121956399895,3.0499694355518239,0.19733088344988914,0.70170393812546816
MINCO,145,2.5353976969985998,3.0942893919451033,0.18177350410639601,0.70175278477441305
MINCO,146,2.5528831983572111,3.1387569042542123,0.16609767667165096,0.701802146412423
MINCO,147,2.5703686997158224,3.1833657849281725,0.15031685328546313,0.70185200010771376
MINCO,148,2.5878542010744332,3.2281098083500233,0.1344445746370003,0.70190232145524734
MINCO,149,2.6053397024330445,3.2729827121521158,0.11849445822158809,0.70195308459727457
MINCO,150,2.6228252037916553,3.3179781985313848,0.10248018659751361,0.70200426224387458
MINCO,151,2.6403107051502666,3.3630899355646364,0.086415495642822776,0.70205582569349556
MINCO,152,2.6577962065088774,3.4083115585238359,0.070314162812124006,0.70210774485349658
MINCO,153,2.6752817078674882,3.4536366711913855,0.054189995393385933,0.70215998826068649
MINCO,154,2.6927672092260995,3.4990588471754149,0.03805681876473916,0.70221252310186677
MINCO,155,2.7102527105847107,3.5445716312250561,0.021928464651277648,0.70226531523437019
MINCO,156,2.7277382119433216,3.5901685405457346,0.0058187593818585116,0.70231832920660342
MINCO,157,2.7452237133019328,3.6358430661144538,-0.010258487854098879,0.7023715282785864
MINCO,158,2.7627092146605436,3.6815886739950692,-0.026289496749809241,0.7024248744424938
MINCO,159,2.7801947160191545,3.7273988066535857,-0.042260527624323904,0.70247832844319491
MINCO,160,2.7976802173777657,3.7732668842734327,-0.058157893165728947,0.70253184979879613
MINCO,161,2.8151657187363766,3.8191863060707472,-0.073967970174343395,0.70258539682117926
MINCO,162,2.8326512200949878,3.8651504516096633,-0.0896772113059216,0.70263892663654415
MINCO,163,2.8501367214535991,3.9111526821175926,-0.1052721568148499,0.70269239520594906
MINCO,164,2.8676222228122099,3.9571863418005049,-0.12073944629734719,0.70274575734585043
MINCO,165,2.8851077241708212,4.0032447591582203,-0.13606583043466555,0.70279896674864506
MINCO,166,2.902593225529432,4.0493212482996874,-0.15123818273628703,0.70285197600320914
MINCO,167,2.9200787268880428,4.095409110258263,-0.16624351128312589,0.70290473661544073
MINCO,168,2.9375642282466541,4.1415016343070086,-0.18106897047072681,0.7029571990287995
MINCO,169,2.9550497296052649,4.1875920992739477,-0.1957018727524629,0.70300931264485034
MINCO,170,2.9725352309638762,4.233673774843437,-0.210129700382478,0.70306102584710406
MINCO,171,2.9900207323224874,4.2797399227108519,-0.2243401171558867,0.7031122860596174
MINCO,172,3.0075062336810978,4.3257837975372775,-0.23832098014524478,0.70316303985298922
MINCO,173,3.0249917350397091,4.3717986478635833,-0.25206035143626343,0.70321323305998984
MINCO,174,3.0424772363983204,4.4177777170239967,-0.26554650986350808,0.7032628108912955
MINCO,175,3.0599627377569312,4.4637142440597284,-0.27876796274610377,0.70331171805122572
MINCO,176,3.0774482391155424,4.5096014646325671,-0.29171345762343937,0.70335989885347672
MINCO,177,3.0949337404741533,4.5554326119384783,-0.30437199399086773,0.70340729733685892
MINCO,178,3.1124192418327645,4.6012009176212159,-0.316732835035412,0.70345385738103061
MINCO,179,3.1299047431913753,4.6468996126859183,-0.32878551937146588,0.70349952282223494
MINCO,180,3.1473902445499862,4.692521928412714,-0.34051987277649876,0.70354423756903461
MINCO,181,3.1648757459085974,4.738061097270327,-0.35192601992675843,0.70358794571804761
MINCO,182,3.1823612472672087,4.7835103538296719,-0.36299439613297296,0.70363059166968323
MINCO,183,3.1998467486258195,4.828862935677467,-0.37371575907605487,0.70367212024387604
MINCO,184,3.2173322499844303,4.8741120843298278,-0.38408120054280492,0.70371247679582316
MINCO,185,3.2348177513430416,4.91925104614588,-0.39408215816161385,0.70375160733171893
MINCO,186,3.2523032527016524,4.9642730732413503,-0.40371042713816563,0.70378945862449049
MINCO,187,3.2697887540602637,5.0091714244021794,-0.41295817199114182,0.70382597832953342
MINCO,188,3.2872742554188745,5.0539393659981204,-0.42181793828792269,0.7038611151004468
MINCO,189,3.3047597567774858,5.0985701728963413,-0.43028266438029289,0.70389481870476966
MINCO,190,3.3222452581360971,5.1430571293750331,-0.43834569314014199,0.7039270401397153
MINCO,191,3.3397307594947079,5.187393530037002,-0.44600078369516899,0.70395773174790821
MINCO,192,3.3572162608533191,5.2315726807232874,-0.4532421231645854,0.70398684733311789
MINCO,193,3.37470176221193,5.275587899426748,-0.4600643383948182,0.70401434227599569
MINCO,194,3.3921872635705412,5.3194325172056809,-0.46646250769521264,0.7040401736498102
MINCO,195,3.4096727649291525,5.3630998790974083,-0.47243217257373549,0.70406430033618184
MINCO,196,3.4271582662877629,5.4065833450318967,-0.47796934947267816,0.70408668314081924
MINCO,197,3.4446437676463737,5.4498762907453493,-0.48307054150436063,0.70410728490925489
MINCO,198,3.462129269004985,5.4929721086938121,-0.48773275018683304,0.70412607064257937
MINCO,199,3.4796147703635958,5.5358642089667747,-0.49195348717957982,0.7041430076131785
MINCO,200,3.4971002717222071,5.5785460202007764,-0.49573078601922282,0.70415806548046778
MINCO,201,3.5145857730808183,5.6210109904930068,-0.49906321385522345,0.7041712164066285
MINCO,202,3.5320712744394291,5.6632525883149087,-0.50194988318558698,0.70418243517234258
MINCO,203,3.5495567757980404,5.7052643034499892,-0.50439046331319604,0.70419169929087644
MINCO,204,3.5670422771566512,5.7470396484566368,-0.50638518574248959,0.70419898908632728
MINCO,205,3.5845277785152625,5.7885721613180463,-0.50793483587467214,0.70420428769083865
MINCO,206,3.6020132798738738,5.8298554085081795,-0.5090407399011595,0.70420758101341818
MINCO,207,3.6194987812324846,5.8708829880709246,-0.50970475154454853,0.70420885770785424
MINCO,208,3.6369842825910959,5.9116485326992656,-0.50992923879958985,0.70420810914063126
MINCO,209,3.6544697839497062,5.9521457128144419,-0.50971707067415761,0.70420532935884717
MINCO,210,3.6719552853083171,5.9923682396451232,-0.50907160393022111,0.7042005150581282
MINCO,211,3.6894407866669283,6.0323098683065677,-0.50799666982481528,0.70419366555054586
MINCO,212,3.7069262880255396,6.0719644008797848,-0.50649656085101291,0.70418478273253282
MINCO,213,3.7244117893841504,6.1113256894907053,-0.50457601747889402,0.70417387105279938
MINCO,214,3.7418972907427617,6.1503876393893471,-0.50224021489651827,0.70416093748024911
MINCO,215,3.7593827921013725,6.1891442120289808,-0.49949474975089531,0.7041459914718956
MINCO,216,3.7768682934599838,6.2275894281452908,-0.49634562688895595,0.70412904494077821
MINCO,217,3.794353794818595,6.2657173708355405,-0.49279924609852321,0.7041101122238782
MINCO,218,3.8118392961772058,6.3035221886377411,-0.48886238884928368,0.70408921005003522
MINCO,219,3.8293247975358171,6.3409980986098198,-0.48454220503375744,0.70406635750786339
MINCO,220,3.8468102988944279,6.3781393894087772,-0.47984619970827069,0.70404157601366701
MINCO,221,3.8642958002530392,6.4149404243698562,-0.47478221983392521,0.70401488927935774
MINCO,222,3.8817813016116505,6.4513956445857081,-0.46935844101757074,0.7039863232803697
MINCO,223,3.8992668029702608,6.4874995719855555,-0.46358335425277558,0.7039559062235754
MINCO,224,3.9167523043288717,6.5232468124143601,-0.4574657526607967,0.70392366851520427
MINCO,225,3.9342378056874829,6.5586320587119875,-0.45101471823155326,0.70388964272875498
MINCO,226,3.9517233070460938,6.5936500937802034,-0.44423960857000816,0.7038538635718149
MINCO,227,3.969208808404705,6.6282957934943534,-0.4371500437116646,0.70381636783882429
MINCO,228,3.9866943097633163,6.6625641293709688,-0.42975589304665857,0.70377719434176811
MINCO,229,4.0041798111219276,6.6964501711772364,-0.42206726226972346,0.7037363838356071
MINCO,230,4.0216653124805379,6.729949089539554,-0.41409448033055607,0.70369397894362773
MINCO,231,4.0391508138391492,6.7630561585520983,-0.40584808638418207,0.70365002408279131
MINCO,232,4.0566363151977605,6.7957667583853798,-0.39733881674132426,0.70360456538908445
MINCO,233,4.0741218165563717,6.8280763778948028,-0.38857759181876739,0.70355765064286824
MINCO,234,4.091607317914983,6.8599806172292306,-0.37957550308972487,0.70350932919422804
MINCO,235,4.1090928192735934,6.8914751904395475,-0.37034380003420603,0.70345965188832282
MINCO,236,4.1265783206322038,6.9225559280872151,-0.36089387708937998,0.70340867099073623
MINCO,237,4.144063821990815,6.9532187798528389,-0.35123726059994431,0.70335644011282406
MINCO,238,4.1615493233494263,6.9834598171447215,-0.34138559576849065,0.70330301413706575
MINCO,239,4.1790348247080376,7.0132752357074288,-0.33135063360587158,0.7032484491424138
MINCO,240,4.1965203260666488,7.0426613582303554,-0.32114421788156544,0.70319280232964265
MINCO,241,4.2140058274252592,7.0716146369562729,-0.31077827207404479,0.70313613194669899
MINCO,242,4.2314913287838705,7.1001316562899079,-0.30026478632113962,0.70307849721405147
MINCO,243,4.2489768301424817,7.1282091354064843,-0.28961580437040724,0.70301995825003982
MINCO,244,4.266462331501093,7.1558439308602981,-0.27884341052949652,0.70296057599622563
MINCO,245,4.2839478328597043,7.1830330391932753,-0.26795971661651463,0.70290041214274113
MINCO,246,4.3014333342183146,7.209773599543527,-0.25697684891039407,0.70283952905363833
MINCO,247,4.3189188355769259,7.2360628962539186,-0.24590693510125633,0.7027779896922407
MINCO,248,4.3364043369355372,7.2618983614806298,-0.2347620912407824,0.70271585754649091
MINCO,249,4.3538898382941484,7.2872775778017038,-0.22355440869257609,0.70265319655430158
MINCO,250,4.3713753396527588,7.3121982808256254,-0.21229594108253164,0.70259007102890458
MINCO,251,4.3888608410113701,7.3366583617998717,-0.20099869124919825,0.7025265455842008
MINCO,252,4.4063463423699805,7.3606558702194729,-0.18967459819415011,0.70246268506010967
MINCO,253,4.4238318437285917,7.3841890164355819,-0.17833552403234729,0.70239855444791943
MINCO,254,4.441317345087203,7.4072561742640222,-0.16699324094250775,0.70233421881563618
MINCO,255,4.4588028464458143,7.429855883593862,-0.15565941811747014,0.70226974323333324
MINCO,256,4.4762883478044255,7.4519868529959625,-0.14434560871456131,0.70220519269850246
MINCO,257,4.4937738491630359,7.4736479623315519,-0.13306323680596277,0.70214063206140209
MINCO,258,4.5112593505216472,7.4948382653607748,-0.121823584329075,0.70207612595040747
MINCO,259,4.5287448518802584,7.5155569923512608,-0.11063777803688721,0.70201173869736055
MINCO,260,4.5462303532388697,7.5358035526866862,-0.099516776448341171,0.70194753426291934
MINCO,261,4.563715854597481,7.5555775374753251,-0.088471356798698483,0.701883576161908
MINCO,262,4.5812013559560913,7.5748787221586227,-0.077512101989907128,0.70181992738866594
MINCO,263,4.5986868573147017,7.5937070691197466,-0.066649387540966193,0.7017566503423982
MINCO,264,4.616172358673313,7.6120627302921573,-0.05589336853829352,0.70169380675252446
MINCO,265,4.6336578600319243,7.6299460497681597,-0.045253966586092882,0.70163145760402956
MINCO,266,4.6511433613905355,7.6473575664074662,-0.034740856756718695,0.70156966306281221
MINCO,267,4.6686288627491468,7.6642980164457661,-0.024363454541043272,0.70150848240103558
MINCO,268,4.6861143641077572,7.6807683361160954,-0.014130902818851111,0.701447973922395
MINCO,269,4.7035998654663684,7.696769664738178,-0.0040520595602653144,0.70138819488441573
MINCO,270,4.7210853668249797,7.7123033492632125,0.005864512199122077,0.70132920141151267
MINCO,271,4.738570868183591,7.7273709495185052,0.01561055328980329,0.70127104840360466
MINCO,272,4.7560563695422022,7.7419742434887597,0.025178117282695183,0.70121378944450063
MINCO,273,4.7735418709008126,7.7561152325973266,0.034559579363479261,0.70115747671028061
MINCO,274,4.7910273722594239,7.7697961469874857,0.043747645206944082,0.70110216087768107
MINCO,275,4.8085128736180351,7.7830194508037058,0.052735359851322876,0.70104789103247844
MINCO,276,4.8259983749766464,7.7957878474729192,0.061516116572635976,0.70099471457787221
MINCO,277,4.8434838763352568,7.8081042849857853,0.070083665759030356,0.70094267714286873
MINCO,278,4.8609693776938681,7.8199719611779637,0.078432123785121946,0.70089182249066517
MINCO,279,4.8784548790524784,7.831394329011383,0.086555981886333025,0.7008421924270325
MINCO,280,4.8959403804110897,7.8423751018555077,0.094450115033236123,0.70079382670870027
MINCO,281,4.913425881769701,7.8529182587686046,0.10210979080589165,0.70074676295173921
MINCO,282,4.9309113831283122,7.8630280497790164,0.10953067826818993,0.70070103653994531
MINCO,283,4.9483968844869235,7.8727090011664282,0.11670885684219152,0.70065668053322316
MINCO,284,4.9658823858455339,7.8819659207431352,0.12364082518246707,0.70061372557597024
MINCO,285,4.9833678872041451,7.8908039031353123,0.13032351005043935,0.70057219980546004
MINCO,286,5.0008533885627564,7.8992283350642882,0.13675427518872169,0.70053212876022597
MINCO,287,5.0183388899213677,7.9072449006278021,0.14293093019545988,0.70049353528844471
MINCO,288,5.0358243912799789,7.9148595865812821,0.14885173939867208,0.70045643945632019
MINCO,289,5.0533098926385893,7.9220786876191127,0.1545154307305894,0.70042085845646707
MINCO,290,5.0707953939971997,7.9289088116559006,0.15992120460199705,0.70038680651629404
MINCO,291,5.088280895355811,7.9353568851077458,0.16506874277657388,0.70035429480638889
MINCO,292,5.1057663967144222,7.9414301581735112,0.16995821724523386,0.70032333134890012
MINCO,293,5.1232518980730335,7.9471362101160823,0.17459029910046436,0.70029392092592191
MINCO,294,5.1407373994316448,7.9524829545436555,0.17896616741067042,0.70026606498787747
MINCO,295,5.1582229007902551,7.9574786446909833,0.18308751809451118,0.70023976156190282
MINCO,296,5.1757084021488664,7.9621318787006592,0.18695657279524358,0.70021500516022983
MINCO,297,5.1931939035074777,7.9664516049043863,0.19057608775506152,0.7001917866885714
MINCO,298,5.2106794048660889,7.9704471271042312,0.19394936268943533,0.70017009335450242
MINCO,299,5.2281649062247002,7.9741281098539112,0.19708024966145468,0.70014990857584669
MINCO,300,5.2456504075833106,7.9775045837400533,0.19997316195616657,0.70013121188905791
MINCO,301,5.2631359089419218,7.9805869506634624,0.2026330829549178,0.70011397885760451
MINCO,302,5.2806214103005331,7.9833859891203911,0.20506557500969469,0.70009818098035359
MINCO,303,5.2981069116591444,7.9859128594838156,0.20727678831746257,0.70008378559995377
MINCO,304,5.3155924130177548,7.9881791092846921,0.20927346979450837,0.7000707558112188
MINCO,305,5.333077914376366,7.9901966784932341,0.21106297195077967,0.70005905036951277
MINCO,306,5.3505634157349764,7.9919779048001818,0.21265326176422494,0.70004862359913123
MINCO,307,5.3680489170935877,7.9935355288980627,0.21405292955513536,0.70003942530168717
MINCO,308,5.3855344184521989,7.9948826997624671,0.21527119786048435,0.7000314006644931
MINCO,309,5.4030199198108102,7.9960329799333172,0.21631793030826779,0.70002449016894586
MINCO,310,5.4205054211694215,7.997000350796136,0.21720364049184587,0.70001862949890969
MINCO,311,5.4379909225280318,7.9977992178633048,0.21793950084428199,0.70001374944909911
MINCO,312,5.4554764238866431,7.9984444160553529,0.21853735151268447,0.70000977583346424
MINCO,313,5.4729619252452544,7.9989512149822044,0.21900970923254612,0.70000662939357328
MINCO,314,5.4904474266038656,7.999335324224468,0.2193697762020855,0.7000042257069965
MINCO,315,5.5079329279624769,7.9996128986146848,0.21963144895658723,0.70000247509568947
MINCO,316,5.5254184293210873,7.999800543518611,0.21980932724274196,0.70000128253437799
MINCO,317,5.5429039306796977,7.999915320116485,0.21991872289298736,0.70000054755893981
MINCO,318,5.5603894320383089,7.9999747506842933,0.21997566869984875,0.70000016417478994
MINCO,319,5.5778749333969202,7.9999968238750325,0.21999692729027912,0.70000002076526369
MINCO,320,5.5953604347555306,7.9999999999999991,0.21999999999999986,0.69999999999999984
NUBS,0,0,0,0,0.69999999999999996
NUBS,1,0.017486064945953089,2.2318029980059733e-06,3.8214438572709808e-06,0.70000000881126223
NUBS,2,0.034972129891906178,1.7770693378086451e-05,3.0196860206282246e-05,0.70000006989911157
NUBS,3,0.052458194837859275,5.969427087553894e-05,0.00010065767952884156,0.70000023392820709
NUBS,4,0.069944259783812357,0.00014083134369102858,0.00023563570523077522,0.70000054983160742
NUBS,5,0.087430324729765446,0.00027376364297862537,0.00045448057427026827,0.70000106484031344
NUBS,6,0.10491638967571855,0.00047082753733384094,0.00077547721778620368,0.7000018245128149
NUBS,7,0.12240245462167162,0.0007441157472816652,0.0012158633217265015,0.70000287276464024
NUBS,8,0.13988851956762471,0.001105479059764604,0.0017918467874764601,0.70000425189790016
NUBS,9,0.1573745845135778,0.0015665280426307158,0.0025186231924870946,0.70000600263083446
NUBS,10,0.17486064945953089,0.0021386347591216487,0.0034103932509034775,0.70000816412736067
NUBS,11,0.19234671440548398,0.0028329344823606762,0.0044803802741930753,0.70001077402661871
NUBS,12,0.2098327793514371,0.0036603274098407374,0.0057408476317740934,0.70001386847251912
NUBS,13,0.22731884429739019,0.004631480377912469,0.0072031162116438134,0.70001748214328863
NUBS,14,0.24480490924334325,0.0057568285762722438,0.0088775818810069226,0.70002164828101654
NUBS,15,0.26229097418929637,0.007046577262450217,0.010773732946903883,0.70002639872120298
NUBS,16,0.27977703913524943,0.0085107034762983407,0.012900167616839224,0.7000317639223036
NUBS,17,0.29726310408120249,0.010158957754478434,0.01526461145940994,0.70003777299527825
NUBS,18,0.31474916902715561,0.012000865844950187,0.017873934864933782,0.70004445373313484
NUBS,19,0.33223523397310867,0.014045730421459211,0.0207341705060776,0.7000518326404791
NUBS,20,0.34972129891906178,0.016302632798025098,0.023850530798485751,0.70005993496306018
NUBS,21,0.3672073638650149,0.018780434643429399,0.027227425361408319,0.70006878471731504
NUBS,22,0.38469342881096796,0.021487779695703729,0.030868478478329544,0.70007840471991833
NUBS,23,0.40217949375692108,0.024433095476617751,0.034776546557596162,0.70008881661732769
NUBS,24,0.4196655587028742,0.02762459500616727,0.038953735593045706,0.70010004091533062
NUBS,25,0.4371516236488272,0.031070278517062164,0.043401418624634827,0.70011209700858956
NUBS,26,0.45463768859478038,0.03477793516921461,0.048120253199067757,0.70012500321019211
NUBS,27,0.47212375354073338,0.038755144764226854,0.053110198830424421,0.70013877678119274
NUBS,28,0.4896098184866865,0.043009279459879535,0.058370534460789068,0.70015343396016483
NUBS,29,0.50709588343263956,0.047547505484619487,0.063899875920878327,0.70016898999274291
NUBS,30,0.52458194837859273,0.052376784852047956,0.069696193390669819,0.70018545916117192
NUBS,31,0.54206801332454568,0.057503877075408417,0.075756828860030129,0.70020285481385258
NUBS,32,0.55955407827049886,0.062935340882074919,0.082078513589343635,0.70022118939488853
NUBS,33,0.57704014321645203,0.068677535928039893,0.088657385570140468,0.7002404744736328
NUBS,34,0.59452620816240498,0.074736624512402067,0.095489006985724809,0.70026072077423529
NUBS,35,0.61201227310835815,0.081118573291855026,0.10256838167180372,0.70028193820518769
NUBS,36,0.62949833805431121,0.08782915499517456,0.10988997257711483,0.70030413588887186
NUBS,37,0.64698440300026427,0.094873950137707302,0.11744771922405521,0.70032732219110538
NUBS,38,0.66447046794621734,0.10225834873585835,0.12523505516930936,0.70035150475068875
NUBS,39,0.68195653289217051,0.10998755202157964,0.13324492546447791,0.70037669050895235
NUBS,40,0.69944259783812357,0.11806657415685753,0.1414698041167054,0.70040288573930121
NUBS,41,0.71692866278407663,0.12650024394820134,0.14990171154930915,0.70043009607676454
NUBS,42,0.7344147277300298,0.13529320656113117,0.15853223206240755,0.70045832654754081
NUBS,43,0.75190079267598287,0.14444992523466577,0.16735253129354793,0.70048758159854319
NUBS,44,0.76938685762193593,0.15397468299581071,0.17635337367833537,0.70051786512694814
NUBS,45,0.78687292256788899,0.16387158437404672,0.18552513991106098,0.70054918050974235
NUBS,46,0.80435898751384216,0.17414455711581731,0.19485784440533016,0.70058153063326745
NUBS,47,0.82184505245979511,0.18479735389901678,0.20434115275469072,0.70061491792276787
NUBS,48,0.83933111740574839,0.19583355404747879,0.21396439919326182,0.7006493443719376
NUBS,49,0.85681718235170146,0.20725656524546354,0.22371660405636148,0.70068481157246632
NUBS,50,0.87430324729765441,0.21906962525214654,0.23358649124113542,0.70072132074358584
NUBS,51,0.89178931224360747,0.23127580361610667,0.24356250566718574,0.70075887276161775
NUBS,52,0.90927537718956075,0.24387800338981369,0.25363283073719867,0.70079746818951982
NUBS,53,0.9267614421355137,0.25687896284411627,0.26378540579757276,0.70083710730643112
NUBS,54,0.94424750708146676,0.27028125718273083,0.27400794359904806,0.70087779013722096
NUBS,55,0.96173357202741983,0.28408730025672874,0.28428794775733368,0.7009195164820341
NUBS,56,0.979219636973373,0.29829934627902482,0.29461273021373646,0.70096228594583776
NUBS,57,0.99670570191932606,0.31291949153886489,0.3049694286957893,0.70100609796796787
NUBS,58,1.0141917668652791,0.32794967611631448,0.31534502417787935,0.70105095185167698
NUBS,59,1.0316778318112323,0.34339168559674649,0.32572635834187691,0.70109684679367934
NUBS,60,1.0491638967571855,0.35924715278532909,0.33610015103776253,0.70114378191369842
NUBS,61,1.0666499617031384,0.37551755942151377,0.34645301774425658,0.70119175628401342
NUBS,62,1.0841360266490914,0.39220423789281633,0.35677148702941736,0.70124076895881415
NUBS,63,1.1016220915950448,0.40930837291790179,0.36704201800993408,0.7012908189952225
NUBS,64,1.1191081565409977,0.42683100312451683,0.3772510178059521,0.70134190544577579
NUBS,65,1.1365942214869507,0.4447730225719847,0.38738485899354208,0.70139402733585798
NUBS,66,1.1540802864329041,0.46313518227037354,0.39742989705702669,0.70144718364022951
NUBS,67,1.171566351378857,0.48191809169966321,0.40737248784130714,0.70150137325955886
NUBS,68,1.18905241632481,0.50112222032891862,0.41719900500419255,0.70155659499695233
NUBS,69,1.2065384812707631,0.52074789913545649,0.42689585746872566,0.70161284753448505
NUBS,70,1.2240245462167163,0.54079532212401504,0.43644950687551087,0.70167012940973084
NUBS,71,1.2415106111626693,0.56126454784592228,0.44584648503504104,0.70172843899229309
NUBS,72,1.2589966761086224,0.58215550091826784,0.45507341138002572,0.70178777446033458
NUBS,73,1.2764827410545756,0.60346797354306947,0.46411701041771769,0.70184813377710897
NUBS,74,1.2939688060005285,0.62520162702644311,0.47296412918224034,0.70190951466748952
NUBS,75,1.3114548709464817,0.6473559932977736,0.48160175468691552,0.70197191459450159
NUBS,76,1.3289409358924347,0.66993047642888137,0.49001703137659058,0.70203533073585211
NUBS,77,1.3464270008383878,0.69292435415319409,0.49819727857996604,0.70209975996045892
NUBS,78,1.363913065784341,0.71633677938491369,0.50613000796192165,0.70216519880498307
NUBS,79,1.381399130730294,0.74016678173818695,0.51380294097584578,0.70223164345035838
NUBS,80,1.3988851956762471,0.76441326904627571,0.52120402631596108,0.70229908969832189
NUBS,81,1.4163712606222003,0.78907502888072323,0.52832145736965286,0.70236753294794407
NUBS,82,1.4338573255681533,0.8141507300705253,0.5351436896697952,0.70243696817215961
NUBS,83,1.4513433905141064,0.83963892422130004,0.54165945834707996,0.70250738989429784
NUBS,84,1.4688294554600596,0.86553804723445593,0.54785779558234282,0.70257879216461327
NUBS,85,1.4863155204060126,0.8918464208263609,0.5537280480588912,0.70265116853681553
NUBS,86,1.5038015853519657,0.9185622540475129,0.55925989441483137,0.70272451204460018
NUBS,87,1.5212876502979187,0.94568364480170719,0.56444336269539552,0.70279881517817933
NUBS,88,1.5387737152438719,0.97320858136520905,0.56926884780527076,0.70287406986081191
NUBS,89,1.556259780189825,1.0011349439059167,0.57372712896092315,0.70295026742533262
NUBS,90,1.573745845135778,1.0294605060025379,0.57780938714292862,0.70302739859068586
NUBS,91,1.5912319100817311,1.0581829361637549,0.58150722254829834,0.70310545343845265
NUBS,92,1.6087179750276843,1.0872997993473932,0.58481267204280596,0.70318442138938286
NUBS,93,1.6262040399736375,1.1168085584795944,0.5877182266133163,0.70326429117992562
NUBS,94,1.6436901049195902,1.1467065759739792,0.59021684882011061,0.70334505083875831
NUBS,95,1.6611761698655436,1.1769911152508263,0.59230199024921693,0.70342668766331951
NUBS,96,1.6786622348114968,1.2076593422562312,0.59396760896473366,0.70350918819633679
NUBS,97,1.6961482997574495,1.2387083269812811,0.5952081869611604,0.70359253820235945
NUBS,98,1.7136343647034029,1.2701350449812254,0.59601874761572293,0.7036767226442866
NUBS,99,1.7311204296493556,1.3019363788946388,0.59639487314070161,0.7037617256598997
NUBS,100,1.7486064945953088,1.3341091199625994,0.59633272203575904,0.70384753053839233
NUBS,101,1.7660925595412622,1.3666499695478118,0.59582904653729252,0.70393411969690156
NUBS,102,1.7835786244872149,1.3995555406372377,0.59488120870655969,0.70402147465797449
NUBS,103,1.8010646894331681,1.4328223592020546,0.5934871847549742,0.70410957603508917
NUBS,104,1.8185507543791215,1.4664468653906755,0.59164555560531285,0.70419840352760532
NUBS,105,1.8360368193250742,1.5004254146933473,0.58935549510952545,0.70428793591731786
NUBS,106,1.8535228842710274,1.5347542791065549,0.58661675824973514,0.70437815106502544
NUBS,107,1.8710089492169808,1.5694296482974111,0.58342966933924134,0.70446902590709615
NUBS,108,1.8884950141629335,1.6044476307680535,0.57979511022351971,0.70456053645203365
NUBS,109,1.9059810791088867,1.6398042550200467,0.57571450848122296,0.70465265777704433
NUBS,110,1.9234671440548397,1.6754954707187728,0.57118982562518272,0.70474536402460375
NUBS,111,1.9409532090007928,1.7115171498578319,0.56622354530341068,0.70483862839902345
NUBS,112,1.958439273946746,1.7478650879234363,0.56081866150009918,0.70493242316301741
NUBS,113,1.9759253388926989,1.7845350050588074,0.55497866673662255,0.70502671963426777
NUBS,114,1.9934114038386521,1.8215225472285754,0.54870754027253799,0.70512148818199294
NUBS,115,2.0108974687846053,1.8588232873831712,0.54200973630658733,0.70521669822351307
NUBS,116,2.0283835337305582,1.8964327266232255,0.53489017217769819,0.70531231822081719
NUBS,117,2.0458695986765116,1.934346295363969,0.52735421656598369,0.70540831567712958
NUBS,118,2.0633556636224646,1.9725593544996192,0.51940767769374596,0.70550465713347588
NUBS,119,2.0808417285684175,2.0110671965677867,0.51105679152647432,0.70560130816525091
NUBS,120,2.0983277935143709,2.0498650469138711,0.50230820997384895,0.70569823337878401
NUBS,121,2.1158138584603239,2.0889480648554479,0.49316898909074125,0.70579539640790645
NUBS,122,2.1332999234062768,2.1283113448466762,0.48364657727821381,0.70589275991051692
NUBS,123,2.1507859883522302,2.1679499176426931,0.47374880348452325,0.70599028556514976
NUBS,124,2.1682720532981827,2.207858751464002,0.46348386540612085,0.70608793406754045
NUBS,125,2.1857581182441361,2.2480327531608828,0.4528603176886517,0.70618566512719194
NUBS,126,2.2032441831900895,2.2884667693777776,0.44188706012795953,0.70628343746394218
NUBS,127,2.220730248136042,2.3291555877176875,0.43057332587108532,0.70638120880452993
NUBS,128,2.2382163130819954,2.3700939379065824,0.41892866961726788,0.70647893587916211
NUBS,129,2.2557023780279488,2.4112764929577768,0.40696295581894654,0.70657657441807886
NUBS,130,2.2731884429739013,2.4526978703363453,0.39468634688276333,0.7066740791481223
NUBS,131,2.2906745079198547,2.4943526331235089,0.38210929137055932,0.70677140378930114
NUBS,132,2.3081605728658081,2.5362352911810357,0.3692425122003819,0.70686850105135901
NUBS,133,2.3256466378117606,2.5783403023156293,0.35609699484748214,0.70696532263033884
NUBS,134,2.343132702757714,2.6206620734433446,0.34268397554531527,0.7070618192051521
NUBS,135,2.360618767703667,2.6631949617539594,0.32901492948654504,0.70715794043414315
NUBS,136,2.3781048326496199,2.7059332758753922,0.31510155902404258,0.70725363495165694
NUBS,137,2.3955908975955733,2.7488712770380865,0.30095578187188704,0.70734885036460515
NUBS,138,2.4130769625415263,2.7920031802387473,0.28658971930711519,0.70744353324948261
NUBS,139,2.4305630274874792,2.8353231553804172,0.2720156843980146,0.707537629165366
NUBS,140,2.4480490924334326,2.8788253283400165,0.25724617031382896,0.70763108271592645
NUBS,141,2.4655351573793856,2.9225037820014834,0.24229383867307455,0.70772383763468949
NUBS,142,2.4830212223253385,2.9663525572871534,0.22717150789383125,0.70781583687148308
NUBS,143,2.5005072872712919,3.0103656541891279,0.2118921415440381,0.70790702267888872
NUBS,144,2.5179933522172449,3.0545370328006531,0.19646883669178852,0.70799733669869092
NUBS,145,2.5354794171631978,3.0988606143474988,0.18091481225562164,0.70808672004832784
NUBS,146,2.5529654821091512,3.1433302822193299,0.16524339735481788,0.70817511340734074
NUBS,147,2.5704515470551041,3.1879398830010803,0.14946801965969392,0.70826245710382396
NUBS,148,2.5879376120010571,3.2326832275043373,0.13360219374189439,0.70834869120087562
NUBS,149,2.60542367694701,3.2775540917987072,0.11765950942468763,0.70843375558304666
NUBS,150,2.6229097418929634,3.3225462182431977,0.10165362013325856,0.70851759004279147
NUBS,151,2.6403958068389164,3.3676533165175915,0.085598231245004888,0.70860013436691849
NUBS,152,2.6578818717848693,3.4128690646538185,0.069507088439828113,0.70868132842303833
NUBS,153,2.6753679367308227,3.4581871100673385,0.053393966050428912,0.70876111224601568
NUBS,154,2.6928540016767757,3.5036010705885117,0.037272655412602829,0.70883942612441864
NUBS,155,2.7103400666227286,3.5491045354939748,0.021156953215531044,0.70891621068696853
NUBS,156,2.727826131568682,3.5946910665380201,0.0050606498520763873,0.70899140698898977
NUBS,157,2.745312196514635,3.6403541989839652,-0.011002482230921805,0.70906495659886126
NUBS,158,2.7627982614605879,3.6860874426355341,-0.027018700182355991,0.7091368016844638
NUBS,159,2.7802843264065413,3.7318842828682337,-0.042974302396555468,0.7092068850996327
NUBS,160,2.7977703913524943,3.7777381816607192,-0.05885564016299067,0.70927515047060641
NUBS,161,2.8152564562984472,3.8236425786261856,-0.07464912931598193,0.70934154228247703
NUBS,162,2.8327425212444006,3.8695908920437314,-0.090341261884404042,0.70940600596563974
NUBS,163,2.8502285861903536,3.9155765198897359,-0.10591861774139126,0.70946848798224327
NUBS,164,2.8677146511363065,3.9615928408692409,-0.12136787625404545,0.70952893591264055
NUBS,165,2.8852007160822599,4.0076332154473189,-0.13667582793314093,0.709587298541837
NUBS,166,2.9026867810282129,4.0536909868804551,-0.15182938608282939,0.70964352594594216
NUBS,167,2.9201728459741658,4.0997594822479169,-0.16681559845034807,0.70969756957861896
NUBS,168,2.9376589109201192,4.1458320134831386,-0.18162165887572479,0.70974938235753371
NUBS,169,2.9551449758660722,4.1919018784051003,-0.19623491894148923,0.70979891875079459
NUBS,170,2.9726310408120251,4.2379623617567095,-0.21064289962530025,0.70984613485812742
NUBS,171,2.9901171057579785,4.2840067363023389,-0.22483330297725651,0.70989098844745924
NUBS,172,3.0076031707039315,4.3300282639935661,-0.23879402382566611,0.70993343894008965
NUBS,173,3.0250892356498844,4.3760201971463326,-0.25251316148757968,0.70997344738726442
NUBS,174,3.0425753005958374,4.4219757796181733,-0.26597903147935237,0.71001097644668942
NUBS,175,3.0600613655417908,4.4678882479854529,-0.27918017722720828,0.71004599035904603
NUBS,176,3.0775474304877437,4.5137508327205902,-0.2921053817778026,0.71007845492450516
NUBS,177,3.0950334954336967,4.5595567593693032,-0.30474367950878695,0.71010833747924129
NUBS,178,3.1125195603796501,4.6052992497278282,-0.31708436783937211,0.71013560687194677
NUBS,179,3.130005625325603,4.6509715230201634,-0.32911701894089096,0.71016023344034818
NUBS,180,3.147491690271556,4.69656679707529,-0.34083149144736286,0.71018218898771746
NUBS,181,3.1649777552175093,4.7420782895044198,-0.35221794216605773,0.71020144675938968
NUBS,182,3.1824638201634623,4.7874992188782093,-0.36326683778805741,0.71021798141927539
NUBS,183,3.1999498851094152,4.8328228059040095,-0.37396896659882156,0.71023176902637564
NUBS,184,3.2174359500553686,4.878042274603084,-0.38431545018875019,0.71024278701129628
NUBS,185,3.2349220150013216,4.9231508534878534,-0.39429775516374665,0.71025101415276326
NUBS,186,3.252408079947275,4.9681417767391176,-0.40390770485578259,0.71025643055413545
NUBS,187,3.2698941448932275,5.0130082853832958,-0.41313749103345976,0.71025901761992083
NUBS,188,3.2873802098391804,5.05774362846965,-0.4219796856125751,0.71025875803228888
NUBS,189,3.3048662747851338,5.1023410642475362,-0.43042725236668422,0.7102556357275881
NUBS,190,3.3223523397310872,5.1467938613436122,-0.43847355863766302,0.71024963587285694
NUBS,191,3.3398384046770402,5.1910952999390858,-0.44611238704627348,0.71024074484234112
NUBS,192,3.3573244696229936,5.2352386729469416,-0.4533379472027263,0.71022895019400556
NUBS,193,3.3748105345689461,5.2792172871891729,-0.46014488741724358,0.71021424064605099
NUBS,194,3.392296599514899,5.3230244645740274,-0.46652830641062487,0.71019660605342749
NUBS,195,3.4097826644608524,5.366653543273217,-0.47248376502480777,0.71017603738434854
NUBS,196,3.4272687294068058,5.4100978788991645,-0.47800729793343322,0.71015252669680595
NUBS,197,3.4447547943527588,5.4533508456822357,-0.48309542535240857,0.71012606711508475
NUBS,198,3.4622408592987113,5.4964058376479628,-0.48774516475047086,0.71009665280627599
NUBS,199,3.4797269242446647,5.5392562697943006,-0.49195404255975195,0.7100642789567938
NUBS,200,3.4972129891906176,5.5818955792688154,-0.49572010588633869,0.71002894174888642
NUBS,201,3.514699054136571,5.6243172265459656,-0.49904193422084031,0.70999063833715415
NUBS,202,3.5321851190825244,5.6665146966043061,-0.5019186511489383,0.70994936682506182
NUBS,203,3.5496711840284774,5.7084815001288645,-0.50434993566354391,0.70990512624446689
NUBS,204,3.5671572489744299,5.7502111751486611,-0.50633602658323407,0.70985791658730735
NUBS,205,3.5846433139203833,5.7916972895202505,-0.507877713565837,0.70980773893870142
NUBS,206,3.6021293788663362,5.8329334436648841,-0.50897632410446936,0.70975459564044874
NUBS,207,3.6196154438122896,5.8739132733117954,-0.50963371042641981,0.70969849045526368
NUBS,208,3.637101508758243,5.9146304522414681,-0.50985223639203148,0.70963942873100894
NUBS,209,3.6545875737041955,5.9550786950289316,-0.50963476439358668,0.70957741756493076
NUBS,210,3.6720736386501485,5.9952517597870347,-0.50898464225418949,0.70951246596789164
NUBS,211,3.6895597035961019,6.0351434509097288,-0.50790569012664977,0.70944458502860486
NUBS,212,3.7070457685420548,6.0747476218153409,-0.50640218739236642,0.70937378807786866
NUBS,213,3.7245318334880082,6.1140581776898681,-0.5044788595602111,0.70930009085279966
NUBS,214,3.7420178984339616,6.1530690782302564,-0.50214086516541145,0.70922351166106812
NUBS,215,3.7595039633799141,6.1917743403876626,-0.49939378266843476,0.70914407154513037
NUBS,216,3.7769900283258671,6.2301680411107707,-0.49624359735387119,0.70906179444646378
NUBS,217,3.7944760932718204,6.2682443200890434,-0.49269668822931778,0.70897670736980078
NUBS,218,3.8119621582177734,6.3059973824960078,-0.48875981492426168,0.70888884054736212
NUBS,219,3.8294482231637268,6.3434215017325517,-0.48444010458896342,0.70879822760309186
NUBS,220,3.8469342881096793,6.3805110221701904,-0.47974503879334102,0.70870490571689071
NUBS,221,3.8644203530556327,6.4172603618943516,-0.47468244042585223,0.7086089157888501
NUBS,222,3.8819064180015856,6.4536640154476608,-0.46926046059238008,0.70851030260348646
NUBS,223,3.899392482947539,6.4897165565732129,-0.463487565515114,0.70840911499397496
NUBS,224,3.916878547893492,6.5254126409578701,-0.45737252343143564,0.70830540600638425
NUBS,225,3.9343646128394454,6.5607470089755155,-0.45092439149280211,0.7081992330638982
NUBS,226,3.9518506777853979,6.5957144884285341,-0.44415250266584827,0.70809065811906524
NUBS,227,3.9693367427313513,6.6303099972696025,-0.43706645265726329,0.70797974767745031
NUBS,228,3.9868228076773042,6.6645285462963546,-0.42967608687153031,0.70786657264359598
NUBS,229,4.0043088726232572,6.6983652418404738,-0.42199148737544406,0.70775120813031278
NUBS,230,4.0217949375692106,6.7318152884566773,-0.41402295986270637,0.70763373326754664
NUBS,231,4.0392810025151631,6.764873991611724,-0.405781020618524,0.707514231011249
NUBS,232,4.0567670674611165,6.7975367603734291,-0.39727638348420224,0.7073927879522478
NUBS,233,4.0742531324070699,6.8297991100996631,-0.38851994682174379,0.70726949412511664
NUBS,234,4.0917391973530233,6.8616566651273558,-0.37952278047844262,0.70714444281704303
NUBS,235,4.1092252622989758,6.8931051614614995,-0.37029611275148211,0.70701773037670046
NUBS,236,4.1267113272449292,6.9241404494641587,-0.36085131735252812,0.70688945602311615
NUBS,237,4.1441973921908817,6.9547584965434783,-0.3511999003723289,0.70675972165454182
NUBS,238,4.1616834571368351,6.9849553898426775,-0.34135348724530734,0.70662863165732315
NUBS,239,4.1791695220827885,7.0147273389290632,-0.33132380971416076,0.70649629271476921
NUBS,240,4.1966555870287419,7.0440706784830338,-0.32112269279445449,0.7063628136160226
NUBS,241,4.2141416519746944,7.0729818709870811,-0.31076204173921912,0.70622830506492851
NUBS,242,4.2316277169206478,7.1014575094147983,-0.30025382900354503,0.70609287948890553
NUBS,243,4.2491137818666003,7.1294943199198846,-0.28961008120918125,0.70595665084781378
NUBS,244,4.2665998468125537,7.1570891645251526,-0.2788428661091284,0.70581973444282642
NUBS,245,4.2840859117585071,7.1842390438115213,-0.26796427955223756,0.70568224672529734
NUBS,246,4.3015719767044605,7.2109410996070427,-0.25698643244780489,0.70554430510563326
NUBS,247,4.319058041650413,7.2371926176758823,-0.24592143773016834,0.70540602776216088
NUBS,248,4.3365441065963655,7.262991030407342,-0.23478139732330242,0.70526753344999793
NUBS,249,4.3540301715423189,7.2883339195048631,-0.22357838910541555,0.70512894130992376
NUBS,250,4.3715162364882723,7.313219018675019,-0.21232445387354659,0.70499037067724735
NUBS,251,4.3890023014342257,7.3376442163165345,-0.20103158230816012,0.70485194089067738
NUBS,252,4.406488366380179,7.3616075582092853,-0.18971170193774253,0.70471377110119282
NUBS,253,4.4239744313261316,7.3851072502032942,-0.17837666410339872,0.70457598008091171
NUBS,254,4.4414604962720841,7.4081416609077566,-0.16703823092344683,0.70443868603196147
NUBS,255,4.4589465612180375,7.430709324380028,-0.15570806225801517,0.70430200639534812
NUBS,256,4.4764326261639908,7.45280894281463,-0.14439770267363958,0.70416605765982609
NUBS,257,4.4939186911099442,7.4744393892322689,-0.13311856840785782,0.70403095517076852
NUBS,258,4.5114047560558976,7.4955997101688183,-0.12188193433380615,0.70389681293903539
NUBS,259,4.5288908210018501,7.5162891283643498,-0.11069892092481629,0.70376374344984594
NUBS,260,4.5463768859478026,7.536507045452125,-0.099580481219009309,0.70363185747164536
NUBS,261,4.563862950893756,7.556253044647594,-0.088537387783893459,0.70350126386497636
NUBS,262,4.5813490158397094,7.575526893437412,-0.077580219680960821,0.70337206939134855
NUBS,263,4.5988350807856628,7.5943285462684367,-0.066719349430282196,0.70324437852210753
NUBS,264,4.6163211457316162,7.6126581472367381,-0.055964929975103474,0.70311829324730524
NUBS,265,4.6338072106775687,7.6305160327766011,-0.045326881646442427,0.70299391288456969
NUBS,266,4.6512932756235212,7.6479027343495334,-0.03481487912768301,0.70287133388797418
NUBS,267,4.6687793405694746,7.6648189811332674,-0.024438338419172801,0.70275064965690681
NUBS,268,4.686265405515428,7.6812657027288589,-0.014206403831990755,0.70263195034577342
NUBS,269,4.7037514704613814,7.6972440323861528,-0.0041279358171783182,0.70251532269753192
NUBS,270,4.7212375354073339,7.7127553116260206,0.0057884989536744098,0.70240084994145224
NUBS,271,4.7387236003532873,7.7278010954465506,0.015534636566660385,0.70228861171772305
NUBS,272,4.7562096652992398,7.7423831575539248,0.025102524804014807,0.70217868400319827
NUBS,273,4.7736957302451932,7.7565034955932717,0.034484532082582182,0.70207113903713669
NUBS,274,4.7911817951911466,7.7701643363795316,0.043673356392275306,0.7019660452469465
NUBS,275,4.8086678601371,7.7833681411283173,0.052662034234540286,0.70186346717392833
NUBS,276,4.8261539250830525,7.7961176106867853,0.061443949560818209,0.70176346539901779
NUBS,277,4.8436399900290059,7.8084156907644893,0.070012842711009868,0.70166609646852895
NUBS,278,4.8611260549749584,7.8202655771642489,0.078362819351935301,0.70157141281989699
NUBS,279,4.8786121199209118,7.8316707210130128,0.08648835941580009,0.7014794627074209
NUBS,280,4.8960981848668652,7.8426348339927241,0.094384326038655278,0.70139029012800769
NUBS,281,4.9135842498128186,7.85316189357117,0.10204597449886162,0.7013039347469131
NUBS,282,4.9310703147587711,7.8632561482328711,0.10946896115555187,0.70122043182348814
NUBS,283,4.9485563797047245,7.8729221227099133,0.11664935238709472,0.70113981213691778
NUBS,284,4.966042444650677,7.8821646232128364,0.12358363352955525,0.70106210191196749
NUBS,285,4.9835285095966304,7.8909887426614835,0.13026871781516053,0.70098732274472453
NUBS,286,5.0010145745425838,7.8993998659158713,0.1367019553107599,0.70091549152834143
NUBS,287,5.0185006394885363,7.907403675007048,0.14288114185628892,0.70084662037877854
NUBS,288,5.0359867044344897,7.9150061543679593,0.14880452800323282,0.70078071656054763
NUBS,289,5.0534727693804431,7.9222135960643119,0.15447082795308786,0.70071778241245497
NUBS,290,5.0709588343263956,7.9290326050254354,0.15987922849582462,0.70065781527334314
NUBS,291,5.088444899272349,7.9354701042751437,0.16502939794835175,0.70060080740783537
NUBS,292,5.1059309642183024,7.9415333401626071,0.1699214950929773,0.700546745932078
NUBS,293,5.1234170291642549,7.9472298875932035,0.17455617811587201,0.70049561273948335
NUBS,294,5.1409030941102083,7.9525676552593882,0.17893461354553311,0.70044738442647281
NUBS,295,5.1583891590561617,7.9575548908715561,0.1830584851912454,0.70040203221822028
NUBS,296,5.1758752240021142,7.9622001863889018,0.18693000308154481,0.70035952189439399
NUBS,297,5.1933612889480676,7.9665124832502983,0.19055191240268218,0.70031981371490126
NUBS,298,5.2108473538940201,7.9705010776051317,0.19392750243708398,0.70028286234562998
NUBS,299,5.2283334188399735,7.9741756255441896,0.19706061550181711,0.70024861678419181
NUBS,300,5.2458194837859269,7.9775461483305117,0.19995565588705025,0.70021702028566601
NUBS,301,5.2633055487318803,7.9806230376302629,0.20261759879451746,0.70018801028834221
NUBS,302,5.2807916136778328,7.9834170607435784,0.20505199927598022,0.70016151833946194
NUBS,303,5.2982776786237862,7.9859393658354509,0.20726500117169153,0.70013747002096427
NUBS,304,5.3157637435697387,7.9882014871665747,0.20926334604885696,0.70011578487522619
NUBS,305,5.3332498085156921,7.9902153503242186,0.21105438214009917,0.70009637633080746
NUBS,306,5.3507358734616455,7.99199327745308,0.21264607328191903,0.70007915162819234
NUBS,307,5.3682219384075989,7.9935479924861674,0.21404700785315989,0.70006401174553401
NUBS,308,5.3857080033535514,7.9948926263756377,0.21526640771346922,0.70005085132439582
NUBS,309,5.4031940682995039,7.9960407223236771,0.21631413714176212,0.70003955859549538
NUBS,310,5.4206801332454573,7.9970062410133647,0.21720071177468397,0.70003001530444797
NUBS,311,5.4381661981914107,7.9978035658395195,0.21793730754507276,0.70002209663750792
NUBS,312,5.4556522631373641,7.998447508139586,0.21853576962042248,0.70001567114731356
NUBS,313,5.4731383280833175,7.9989533124244794,0.21900862134134549,0.70001060067862841
NUBS,314,5.49062439302927,7.9993366616094619,0.21936907316003568,0.70000674029408594
NUBS,315,5.5081104579752225,7.9996136822449841,0.2196310315787306,0.70000393819993056
NUBS,316,5.5255965229211759,7.9998009497475859,0.21980910808817522,0.70000203567176289
NUBS,317,5.5430825878671293,7.9999154936307182,0.21991862810608376,0.70000086698028041
NUBS,318,5.5605686528130827,7.9999748027356405,0.21997563991560309,0.7000002593170227
NUBS,319,5.5780547177590361,7.9999968304622602,0.21999692360377521,0.70000003272011269
NUBS,320,5.5955407827049877,8,0.22,0.69999999999999996
